﻿{
	"Type": "HTML",
	"GlobalVars":
     {
		"ВключенРежимОбучения": true
     },
	"VAPath": "C:\\Commons\\rep\\vanessa-automation",
	"Lang": "ru",
	"ResultPath": "C:\\Temp\\HTML",
	"Path1c": "C:\\Program Files (x86)\\1cv8\\8.3.22.1368\\bin\\1cv8c.exe",
	"ConnectionString": "/Fc:\\Bases\\8.3.22",
	"ОтборКаталогов": [],
	"СоздаватьИнструкциюHTML": true,
	"КаталогВыгрузкиИнструкцийHTML": "C:\\Temp\\HTML\\tempInstr",
	"ТекстовыеИнструкцииГруппаШаговКакШаг": true,
	"ДобавлятьИмяФичиВТекстовуюИнструкцию": false,
	"ДобавлятьИмяСценарияВТекстовуюИнструкцию": false,
	"ВыполнитьНастройкиПриЗаписиИнтерактивнойСправки": true,
	"СкрытьПанельРазделов": true,
	"УстановитьВерсиюОбработкиНаРелизную": true,
	"ИспользоватьКомпонентуVanessaExt": true,
	"ИспользоватьВнешнююКомпонентуДляСкриншотов": true,
	"ПодключатьГорячуюКлавишуДляПолученияСправкиОбЭлементе": false,
	"СтилиHTMLИнструкции": "C:\\Commons\\rep\\vanessa-automation\\lib\\CSS\\ОсновнойСтиль.txt",
	"ЗавершитьРаботуСистемы": true
}