﻿{
   "ИмяСборки":"Сборка 8.3.16 UF",
   "КаталогФич": "./features/Core/CommandLine/files/Test6.feature",
   "КаталогПроекта": "$workspaceRoot",
   "НомерПервогоСценарияДляЗапуска": 2,
   "ВыполнитьСценарии": true,
   "ЗавершитьРаботуСистемы": false,
   "ДелатьОтчетВФорматеАллюр": true,
   "КаталогВыгрузкиAllure": "C:\\Temp\\Allure",
   "ДелатьОтчетВФорматеjUnit": true,
   "КаталогВыгрузкиJUnit": "C:\\Temp\\jUnit",
   "ДелатьЛогОшибокВТекстовыйФайл": true,
   "ИмяКаталогаЛогОшибок": "C:\\Temp\\ОшибкиJson",
   "ОстановкаПриВозникновенииОшибки": true,
   "ПутьКФайлуДляВыгрузкиСтатусаВыполненияСценариев": "$workspaceRoot\\BuildStatus.log"
}


