﻿{
	"Version": "1.2.028.5",
	"Lang": "en",
	"DebugLog": false,
	"VersionVA": "ver 1.2.028.5",
	"featurepath": ".\\features",
	"addtofeaturefilter": true,
	"NameCurrentBuild": "Сборка 8.3.16 UF",
	"DownloadFeaturesOpen": "Не загружать",
	"pendingequalfailed": false,
	"platformversiongenerateepf": "C:/Program Files (x86)/1cv8/8.3.10.2772/bin",
	"usersettingsprovider": "FILE",
	"commandtoopenfeatureintexteditor": "\"C:\\Program Files (x86)\\Notepad++\\notepad++.exe\" %Feature% -n%LineNumber%",
	"RunningScripts": {
		"makestepsasync": false,
		"SpacingStepSpecifiedUser": 0.1,
		"updatestatistics": false,
		"updatetreewhenscenariostarts": false,
		"stoponerror": false,
		"showrownumberonerror": false,
		"pendingequalfailed": false,
		"timeoutforasynchronoussteps": 0,
		"timetofindwindow": 10,
		"numberofattemptstoperformanaction": 2,
		"safeexecutionofsteps": false,
		"pauseonwindowopening": 0
	},
	"TestClient": {
		"runtestclientwithmaximizedwindow": true,
		"testclienttimeout": 60,
		"testclientports": "",
		"testclientdebug": false,
		"testclientdebugkeys": "",
		"testclientdebugaddress": "",
		"datatestclients": [
			{
				"Name": "This client",
				"PathToInfobase": "/F.\\ServiceBases\\v83ServiceBase8316",
				"PortTestClient": 1538,
				"AddItionalParameters": " /L en",
				"ClientType": "Thin",
				"ComputerName": "localhost"
			},
			{
				"Name": "TM",
				"PathToInfobase": "File=\"C:\\Bases\\8.3.15\";",
				"PortTestClient": 48003,
				"AddItionalParameters": "  /TestManager",
				"ClientType": "Thin",
				"ComputerName": ""
			},
			{
				"Name": "TestEnJson",
				"PathToInfobase": "File=\"C:\\Bases\\TestEnJson\";",
				"PortTestClient": 48003,
				"AddItionalParameters": "111",
				"ClientType": "Thin",
				"ComputerName": ""
			}
		]
	},
	"allurecreatereport": true,
	"AllureReport": {
		"allurepath": ".\\tools\\ServiceBases\\allurereport_test\\Сборка 8.3.16 UF",
		"allurepathbase": ".\\tools\\ServiceBases\\allurereport_test",
		"reportlevel1": "#report.epic=;Каталог1",
		"reportlevel2": "#report.feature=;Каталог2",
		"reportlevel3": "#report.story=;ИмяСценария",
		"testsuites": "",
		"directorytobuildhierarchy": ".\\features",
		"DataAllureMarks": []
	},
	"junitcreatereport": true,
	"JUnitReport": {
		"junitpath": ".\\tools\\ServiceBases\\junitreport_test"
	},
	"cucumbercreatereport": true,
	"CucumberReport": {
		"cucumberreportpath": ".\\tools\\ServiceBases\\cucumber_test"
	},
	"ModelingCreateReport": false,
	"htmlcreate": true,
	"HTMLInstruction": {
		"htmlpath": "C:\\Temp\\HTML"
	},
	"markdowncreate": false,
	"simplereport": false,
	"librarycatalogs": [
		".\\features\\Libraries"
	],
	"stepsfrommetadata": [
		"1111111",
		"2222222"
	],
	"ignoretags": [
		"IgnoreOnCIMainBuild",
		"IgnoreOn8316",
		"IgnoreOnUFBuilds",
		"Ignore"
	],
	"logtogr": false,
	"logtotext": true,
	"logstepstotext": false,
	"logerrorstotext": true,
	"getactiveformdataonerror": true,
	"getallformsdataonerror": true,
	"textlogname": ".\\tools\\ServiceBases\\log8316.txt",
	"texterrorslogname": "C:\\Temp\\ЛогОшибокVA",
	"commandscreenshot": "\"C:\\Program Files (x86)\\IrfanView\\i_view32.exe\" /capture=1 /convert=",
	"onerrorscreenshot": true,
	"onerrorscreenshoteverywindow": true,
	"outputscreenshot": ".\\tools\\ServiceBases\\ScreenShots",
	"videocreate": true,
	"VideoRecording": {
		"videopath": "C:\\Temp\\Video\\111",
		"comandrecvideo": "\"C:\\Program Files (x86)\\VideoLAN\\VLC\\vlc.exe\" screen://  -I rc --rc-quiet --rc-host=127.0.0.1:8082 --nommx :screen-mouse-image=\"<screenmouseimage>\" :screen-fps=<fps> :screen-width=<screenwidth> :screen-height=<screenheight> :screen-top=0 :screen-left=0 :screen-caching=100 :sout=#transcode{vcodec=mp4v,vb=400,fps=<fps>,scale=1,width=<screenwidth>,height=<screenheight>,acodec=none}:duplicate{dst=std{access=file,mux=mp4,dst=<dst>}}",
		"screenwidth": 1920,
		"screenheight": 1080,
		"fps": 5,
		"mousecurfile": ".\\tools\\VideoTools\\mouse.png",
		"showframe": true,
		"movemouse": true,
		"tempfolderforvideo": "C:\\Temp\\tools\\VideoTemp",
		"watermarkfile": "C:\\Temp\\tools\\VideoTools\\logo.png",
		"ffmpegcomand": "ffmpeg",
		"convertcomand": "magick convert",
		"musicpath": "C:\\Temp\\vanessa-ci\\MakeVideoInstr\\music",
		"musicvolume": 0.2,
		"dotts": true,
		"ttstype": 0,
		"yandexttslanguage": "ru-RU",
		"yandexttsvoice": "oksana",
		"yandexttsemotion": "good",
		"yandexttsspeed": 1.1,
		"yandexttsfolderId": "1111111",
		"yandexttsoauthtoken": "C:\\Temp\\yatoken.txt",
		"amazonttsvoice": "Aditi",
		"amazonttsengine": "standard",
		"amazonttslanguage": "en-US",
		"amazonttskey": "",
		"amazonttssecretkey": "",
		"audioenginetts": "balabolka_console",
		"ttsvoice": "Elena",
		"changewordslib": [
			"C:\\Temp\\tools\\VideoTools\\libtts.txt"
		],
		"groupofstepsasastep": true,
		"disablescalingofsteps": false,
		"highlightmouseclicks": false,
		"turnofffeaturetitleslide": true,
		"turnoffscenarioslide": true,
		"turnofffinalslide": true,
		"emulatekeyboardinput": false,
		"hideservicewindows": true,
		"speedofspeech": 1,
		"cachettsfiles": false,
		"ttsfilescache": "",
		"cachevideo": false,
		"videocachepath": "",
		"addsubtitles": false,
		"accelerationpercentage": 25,
		"instructiontypevideo": true,
		"instructiontypehtml": false,
		"instructiontypemarkdown": false,
		"emulatemousemovement": true,
		"changefeaturetitleslide": false,
		"featuretitleslidepath": "",
		"addmusictofeaturetitleslide": false,
		"changefinalslide": false,
		"finalslidepath": "",
		"addmusictofinalslide": false
	},
	"usesikulixserver": true,
	"SikuliXServer": {
		"sikulixscriptpath": "C:\\Temp\\SikuliX",
		"pathforpicturegeneration": "C:\\Temp\\pict"
	},
	"searchformelementsbyname": true,
	"addmetainformationclicking": false,
	"thetreetagisenabledbydefault": true
}