﻿{
	"ИмяСборки": "Тест",
	"КаталогФич": "C:\\Temp\\CommandFeature\\Test1.feature",
	"КаталогПроекта": "C:\\Temp\\Exchange",
	"ПриоритетНастроекПользователя": true,
	"ВыполнитьСценарии": "Ложь",
	"ЗагрузитьСценарии": "Истина",
	"ЗавершитьРаботуСистемы": "Ложь",
	"ПоказыватьНомерСтрокиДереваПриВозникновенииОшибки": "Истина",
	"ИмяФайлаВнешнихКомандФреймворка": "C:\\Temp\\Exchange\\Settings\\Command.json",
	"ДиапазонПортовTestclient": "48100-48200",
	"КаталогИсполняемогоФайла": ""
}