﻿{
	"ИмяСборки": "Тест",
	"КаталогФич": "C:\\Temp\\CommandFeature\\Test2.feature",
	"КаталогПроекта": "C:\\Temp\\Exchange",
	"ПриоритетНастроекПользователя": true,
	"ВыполнитьСценарии": "Ложь",
	"ЗагрузитьСценарии": "Истина",
	"ЗавершитьРаботуСистемы": "Ложь",
	"ИмяФайлаВнешнихКомандФреймворка": "C:\\Temp\\Exchange\\Settings\\Command.json",
	"ВыгрузитьPIDTestManager": "Истина",
	"ИмяФайлаPIDTestManager": "C:\\Temp\\CI\\Settings\\PIDTM.txt"
}