﻿{
	"ИмяСборки": "Тест",
	"КаталогФич": "C:\\Temp\\CommandFeature\\Test3.feature",
	"КаталогПроекта": "C:\\Temp\\Exchange",
	"ПриоритетНастроекПользователя": true,
	"ВыполнитьСценарии": "Истина",
	"ЗагрузитьСценарии": "Ложь",
	"ЗавершитьРаботуСистемы": "Ложь",
	"ИмяФайлаВнешнихКомандФреймворка": "C:\\Temp\\Exchange\\Settings\\Command.json",
	"ВыгрузитьPIDTestManager": "Истина",
	"ИмяФайлаPIDTestManager": "C:\\Temp\\CI\\Settings\\PIDTM.txt",
	"КлиентыТестирования": [
		{
			"Имя": "111",
			"ПутьКИнфобазе": "222",
			"ТипКлиента": "Тонкий",
			"ИмяКомпьютера": "localhost",
			"ДопПараметры": "333"
		}
	]
}