﻿<?xml version="1.0" encoding="UTF-8"?>
<Help xmlns="http://v8.1c.ru/8.3/xcf/extrnprops" xmlns:xs="http://www.w3.org/2001/XMLSchema" xmlns:xsi="http://www.w3.org/2001/XMLSchema-instance" version="2.10">
	<Page>am</Page>
	<Page>az</Page>
	<Page>bg</Page>
	<Page>de</Page>
	<Page>en</Page>
	<Page>es</Page>
	<Page>et</Page>
	<Page>fr</Page>
	<Page>hu</Page>
	<Page>it</Page>
	<Page>ka</Page>
	<Page>lt</Page>
	<Page>lv</Page>
	<Page>mn</Page>
	<Page>pl</Page>
	<Page>ro</Page>
	<Page>ru</Page>
	<Page>sl</Page>
	<Page>sv</Page>
	<Page>tr</Page>
	<Page>vi</Page>
</Help>