{"order":{"":["uf1_zagryzka_fiche-fajlov","uf2_zapysk_sczenariev_na_vy_polnenie","uf3_zapis__dejstvij_pol_zovatelya","uf4_biblioteka_shagov","uf5_formirovanie_rezyl_tatov_vy_polneniya_sczenariev","uf6_video-instrykczii","uf7_sistemny_e_nastrojki_vb","uf8_turbo_gherkin","uf9_nipanyatki","uf9_proverochny_j_uf","uf9_fichi_makety_","uf10_zapysk_va","uf11_prochee"],"uf4_biblioteka_shagov":["ua6_rabotat__s_podklyucheniem_test_client","ua5_rabotat__s_kontekstom_fich","ua1_rabotat__s_maketami_danny_x","ua2_rabotat__s_ui_vsply_vayushhie_okna","ua3_rabotat__s_ui_vy_padayushhij_spisok","ua37_rabotat__s_ui_komandny_j_interfejs","ua4_ispol_zovat__v_fichax_vstroenny_j_yazy_k","ua7_rabotat__s_fajlami_iz_fich","ua8_prochee","ua52_rabotat__s_ui_prochee","ua53_rabota_s_danny_mi"],"ua5_rabotat__s_kontekstom_fich":["proverka_peredachi_konteksta_mezhdy_shagami","perexod_k_stroke_tabliczy__po_znachniyu_peremenny_x_kontekst_i_kontekstsoxranyaemy_j","rabota_s_kontekstom_cherez_programmny_j_interfejs_fremvorka","proverka_ydaleniya_peremenny_x","proverka_raboty__so_znacheniyami_peremenny_x","demonstracziya___redaktirovanie_peremenny_x_","polychenie_znachenij_peremenny_x_v_tabliczax","prosmotr_i_redaktirovanie_peremenny_x"],"ua1_rabotat__s_maketami_danny_x":["proverka_sozdaniya_fixtures_rs","proverka_sozdaniya_fixtures_spravochniki","zapis__soderzhimogo_maketa_v_fajl","avtomatizirovannoe_polychenie_danny_x_maketov","proverka_polycheniya_pystogo_maketa","polychenie_danny_x_maketa_s_perenosom_strok_v_yachejkax_1","polychenie_danny_x_maketa_s_perenosom_strok_v_yachejkax_2","chtenie_maketov_v_stary_x_versiyax_platformy_","proverka_raboty__zagryzki_iz_maketa__kogda_ispol_zyetsya_vlozhenny_j_sczenarij_slyzhebnaya_ficha","sodanie_fixtures_po_makety_obrabotki_privyazannoj_k_fiche","proverka_raboty__zagryzki_iz_maketa__kogda_ispol_zyetsya_vlozhenny_j_sczenarij","zagryzka_ty_syachi_e_lementov_spravochnika_iz_maketa","polychenie_maketa_iz_tabliczy__gherkin"],"ua3_rabotat__s_ui_vy_padayushhij_spisok":["rabota_s_vy_padayushhim_spisokom_formy_"],"ua4_ispol_zovat__v_fichax_vstroenny_j_yazy_k":["vy_polnenie_komand_na_vstroennom_yazy_ke"],"ua6_rabotat__s_podklyucheniem_test-client":["proverka_zapyska_prostogo_sczenariya_testclient","dlyazapysktonkogotestclientiztolstogotestmanager","proverka_podklyuchenie_testclient","zakry_t__podklyuchenny_j_testclient","ypravlenie_seansami_testmanager_v_kotory_x_proisxodit_vy_polnenie_feature_fajlov","proverka_shagov__kotory_e_perepodklyuchayut_klient_testirovaniya","fichadlyaproverkipodklyucheniyazapyshhennogotestclient"],"ua7_rabotat__s_fajlami_iz_fich":["proverka_raboty__dialoga_vy_bora_fajla"],"uf1_zagryzka_fiche-fajlov":["ua9_zagryzhat__fiche-fajly_","ua16_parsit__fiche-fajly_","ua10_generirovat__epf-fajly_"],"ua9_zagryzhat__fiche-fajly_":["zagryzka_odnogo_feature_fajla_interaktivno","zagryzka_feature-fajla_v_vanessa-behavior","proverka_zagryzki_stryktyry__sczenariya","proverka_zagryzki_fich_iz_kataloga_ierarxicheski","proverka_zagryzki_fich_iz_kataloga"],"ua10_generirovat__fiche-fajly_":["sozdanie_epf_fajlov","instrykcziya_po_generaczii_epf_fajla","proverka_generaczii_prostogo_epf_fajla_"],"uf2_zapysk_sczenariev_na_vy_polnenie":["ua11_zapyskat__sczenarii_na_vy_polnenie","ua12_poshagovo_vy_polnyat__sczenarii","ua14_ostanavlivat__vy_polnenie_sczenariev","ua13_ypravlyat__test_clients","ua15_ypravlyat__sikulix"],"ua11_zapyskat__sczenarii_na_vy_polnenie":["perejti_k_stroke_s_oshibkoj","detali_oshibki","proverka_zapyska_prostogo_sczenariya","bezopasnoe_vy_polnenie_shagov","proverka_raboty__polycheniya_sostoyaniya_vanessa_automation","proverka_togo_kak_otrabotala_proczedyra_perednachalomsczenariya"],"ua12_poshagovoe_vy_polnenie_sczenariev":["proverka_vy_polneniya_sczenariya_s_shaga_vnytri_czikla","proverka_vy_polnit__sczenarij_s_vy_brannogo_shaga_","proverka_vy_polnit__sczenarij_s_vy_brannogo_shaga_vtoroj_shag_ne_realizovan","proverka_vy_polnit__sczenarij_s_proizvol_nogo_shaga_s_prodolzheniem","proverka_vy_polnit__sczenarij_s_proizvol_nogo_shaga_s_prodolzheniem_e_ksportny_j_sczenarij_","proverka_vy_polneniya_sczenariya_s_vy_brannogo_shaga","proverka_vy_polnit__sczenarij_s_proizvol_nogo_shaga"],"ua13_ypravlyat__test-clients":["proverka_shaga_ya_kopiryyu_tekyshhij_profil__testclient","proverka_raboty__tabliczy__testclient","proverka_zakry_tiya_testclient_i_podklyuchenie_zanovo","proverka_podklyuchenie_testclient_chast__dva","fichadlyaproverkikopirovaniyaprofilyatestclient","rabota_s_neskol_kimi_testclient","zapysk_tonkogo_testclient_iz_tolstogo_testmanager","proverka_kopirovaniya_profilya_klienta_testirovaniya","proverka_zapyska_prilozheniya_v_rezhime_tonkogo_tolstogo_klienta","vy_chislenie_pid_seansa_testclient","proverka_podklyucheniya_yzhe_podklyuchennogo_testclient","zakry_tie_testclient","opisanie_nastroek__ypravlyayushhix_rabotoj_s_klientami_testirovaniya","kopirovanie_profilya_testclient"],"ua14_ostanavlivat__vy_polnenie_sczenariev":["ostanovka_vy_polneniya_shagov_featurerunner_so_statysom_failed","ostanovka_vy_polneniya_shagov_featurerunner","proverka_raboty__ostanovki_vy_poleniya_shagov_esli_ystanovlen_flag_ostanovkaprivozniknoveniioshibki","proverka_raboty__ostanovki_vy_poleniya_shagov_i_opoveshheniya_obrabotki_soderzhashhij_step_definitions","proverka_ostanovki_vy_polneniya_odnogo_sczenariya","tochki_ostanova","proverka_ostanovki_vy_polneniya_vsex_sczenariev","ostanovit__vy_polnenie_sczenariya","ostanovka_i_prodolzhenie_vy_polneniya_sczenariya_pered_nachalom_sczenariya","ostanovka_i_prodolzhenie_vy_polneniya_sczenariya_pri_pomeshhenii_fajla"],"ua10_generirovat__epf-fajly_":["instrykcziya_po_generaczii_epf_fajla","sozdanie_epf_fajlov","proverka_sozdaniya_epf_iz_fichi_na_anglijskom_yazy_ke","proverka_peregeneraczii_epf","zagryzka_epf_s_ispol_zovaniem_kesh_izvestny_x_step_definitions","generacziya_epf_v_slyzhebnom_seanse_interaktivno","otkry_tie_v_konfigyratore_epf","proverka_generaczii_prostogo_epf_fajla_","proverka_peregeneraczii_epf__kogda_v_epf_est__shag_bez_fichi","proverka_peregeneraczii_epf_v_rezhime_oby_chny_x_form_232","proverka_sozdaniya_epf_v_rezhime_oby_chny_x_form","proverka_peregeneraczii_epf_v_rezhime_oby_chny_x_form"],"ua15_ypravlyat__sikulix":["proverka_raboty__sikulx_servera__sikulx_server_"],"ua16_parsit__fiche-fajly_":["proverka_parsinga_znaka_minys","proverka_parsinga_fichi_so_stryktyroj_sczenariya","proverka_parsinga_fichi_s_tegom_tree_kogda_est__vertikal_naya_cherta","proverka_parsinga_fichi_kogda_est__teg_tree_i_ispol_zyetsya_kommentarij","proverka_parsinga_fichi_kogda_est__teg_tree_i_ispol_zyetsya_ierarxiya_v_sekczii_kontekst","fichadlyaproverkiparsingaskobok","parsing_skobok_v_imeni_shaga"],"uf1_zagryzka_features":["ua9_zagryzhat__features","ua16_parsit__features","ua10_generirovat__epf_fajly_"],"ua9_zagryzhat__features":["razny_e_varianty__zagryzki_ficha_fajlov","proverka_zagryzki_stryktyry__sczenariya","proverka_zagryzki_fich_iz_kataloga_ierarxicheski","zagryzit__fichy_v_vanessa_behavior_2","proverka_zagryzki_fich_iz_kataloga","proverka_optimizaczii_zagryzki_fich","proverka_zagryzki_fich_cherez_menyu_nedavno_zagryzhenny_e_fichi","proverka_zagryzki_fich_v_rezhime_zapreta_sinxronny_x_vy_zovov","zagryzka_fichi_na_drygom_yazy_ke","proverka_chto_v_dereve_fich_net_vetok_v_kotory_x_net_fich","zagryzka_fichi_s_pystoj_gryppoj","chastichnaya_zagryzka_fich_po_tegam__kogda_ykazany__fil_try__po_tegam_isklyucheniya_i_tegam_fil_tram","opcziya__zagryzhat__fichi_pri_otkry_tii","chastichnaya_zagryzka_fich_po_tegam"],"ua16_parsit__features":["proverka_parsinga_fichi_kogda_est__teg_tree_i_ispol_zyetsya_kommentarij","proverka_tegirovaniya_fich_i_sczenariev_1","parsing_skobok_v_imeni_shaga","podklyuchenie_sczenariya_kak_shaga__main_","podklyuchenie_sczenariya_kak_shaga_1","proverka_raboty__stryktyry__sczenariya_teg_tree","podklyuchenie_sczenariya_kak_shaga_2","proverka_chteniya_tega_tree__kogda_yazy_k_fichi_na_drygom_yazy_ke","podklyuchenie_sczenariya_kak_shaga_3","proverka_raboty__stryktyry__sczenariya","proverka_parsinga_fichi_kogda_est__teg_tree_i_ispol_zyetsya_ierarxiya_v_sekczii_kontekst","proverka_generaczii_snipeta","proverka_parsinga_fichi_s_tegom_tree_kogda_est__vertikal_naya_cherta","proverka_ispravleniya_oshibki_kompilyaczii_stryktyry__sczenariya","proverka_raboty__tega_tree","sekcziya_sczenarij_i_teg_tree","proverka_parsinga_fichi_so_stryktyroj_sczenariya"],"uf6_video-instrykczii":["ua17_chto_novogo_v_versii"],"ua17_chto_novogo_v_versii":["chto_novogo_v_relize_1_2_020_chast__1","chto_novogo_v_relize_1_2_020_chast__2","chto_novogo_v_relize_1_2_021__chast__1_","chto_novogo_v_relize_1_2_022__chast__1_","chto_novogo_v_relize_1_2_021__chast__2_","chto_novogo_v_relize_1_2_022__chast__2_","chto_novogo_v_relize_1_2_023","chto_novogo_v_relize_1_2_024","chto_novogo_v_relize_1_2_025","chto_novogo_v_relize_1_2_026","chto_novogo_v_relize_1_2_027","chto_novogo_v_relize_1_2_028","chto_novogo_v_relize_1_2_029"],"root":["uf0unmapped","uf10_zapysk_va","uf3_formirovanie_features","uf1_zagryzka_i_obrabotka_features","uf2_zapysk_sczenariev_na_vy_polnenie","uf5_formirovanie_rezyl_tatov_vy_polneniya_sczenariev","uf4_biblioteka_shagov","uf7_sistemny_e_nastrojki_va","uf8_turbo_gherkin","uf6_tekstovy_e_i_video_instrykczii","uf11_prochee","uf9_vspomogatel_ny_e_fichi"],"uf5_formirovanie_rezyl_tatov_vy_polneniya_sczenariev":["ua18_formirovat__otchyot_allure","ua19_formirovat__otchet_cucumber","ua20_formirovat__prochie_otchety_","ua21_formirovat__otchet_junit"],"ua18_formirovat__otchyot_allure":["proverka_formirovaniya_otcheta_allure"],"ua19_formirovat__otchet_cucumber":["proverka_formirovaniya_otcheta_cucumber","proverka_dyblirovaniya_sczenariev"],"ua20_formirovat__prochie_otchety_":["sozdanie_skrinshota_vsex_seansov_1s_pri_vozniknovenii_oshibki","proverka_formirovaniya_otcheta_v_formate_sppr","proverka_formirovaniya_fajla_sostoyaniya_aktivnoj_formy_","otchet_vo_vnytrennem_formate","proverka_formirovaniya_otcheta_markdown","proverka_formirovaniya_otcheta_html","zapis__loga_vy_polneniya_shagov_v_zhyrnal_registraczii","zapis__loga_vy_polneniya_shagov_v_tekstovy_j_log"],"ua21_formirovat__otchet_junit":["proverka_formirovaniya_otcheta_junit_pri_rabote_iz_edt__proverka_isklyuchenij_","proverka_formirovaniya_otcheta_junit_pri_rabote_iz_edt__proverka__chto_net_isklyuchenij_","proverka_formirovaniya_otcheta_junit","testovaya_ficha__proveryayushhaya_generacziyu_otcheta_junit"],"ua22_turbo_gherkin":["ozhidanie_soby_tiya_v_czikle","dlyaproverkaperexodaizcziklakshagam","proverka_raboty__czikla_i_vlozhennogo_sczenariya","proverka_opredeleniya_shaga_prosle_czikla","vy_polnit__odin_shag_czikl_yslovie_ne_istinno","dlya_proverki_padeniya_czikla_v_techenie_sekynd","dlya_proverki_raboty__czikla_i_vlozhennogo_sczenariya"],"uf8_turbo_gherkin":["ua22_ispol_zovat__czikly__v_sczenariyax","ua23_ispol_zovat__ysloviya_v_sczenariyax","ua39_ispol_zovat__e_ksportny_e_sczenarii"],"ua22_ispol_zovat__czikly__v_sczenariyax":["czikl_1","czikl_n","proverka_vy_polneniya_s_shaga_vnytri_czikla","perebor_strok_tabliczy_","perebor_e_lementov_massiva","proverka_perexoda_iz_czikla_k_shagam","proverka_nazhatiya_f11_na_yslovie_vnytri_czikla","proverka_raboty__czikla_i_vlozhennogo_sczenariya","proverka_raboty__opredeleniya_shaga_posle_czikla","ozhidanie_soby_tiya_v_czikle","dlya_proverki_raboty__czikla_i_vlozhennogo_sczenariya"],"ua23_ispol_zovat__ysloviya_v_sczenariyax":["vy_polnenie_prosty_x_yslovij","proverka_raboty__yslovij_bazovaya_1","proverka_shaga_ysloviya_esli_tekyshhee_okno__ravno__ozhidaemomy_okny__imyaokna__togda","proverka_raboty__yslovij_bazovaya","vy_polnenie_yslovij","proverka_raboty__yslovij_na_anglijskom","proverka_poyavleniya_okna","proverka_yslovij_v_kontekste","proverka_raboty__opredeleniya_shaga_v_yslovii"],"uf9_proverochny_j_uf":["ua24_proverochny_j_ua"],"ua24_proverochny_j_ua":["usa_is_the_best_"],"uf9_proverochny_j_uf_tol_ko_tak":["ua25_opa_evropa"],"ua24_proverochny_j_ua_da_":["us112_navy_is_the_best_"],"ua25_opa_evropa":["us2_grystnaya_pol_zovatel_skaya_istoriya"],"ua25_makety__dlya_junit":["fichadlyaproverkiotchetajunit7","fichadlyaproverkiotchetajunit3","fichadlyaproverkiotchetajunit2","fichadlyaproverkiotchetajunit6","fichadlyaproverkiotchetajunit5","fichadlyaproverkiotchetajunit4"],"ua24_makety__dlya_yslovij":["proverkaraboty_ysloviyakogdavy_shegryppa3","proverkaraboty_ysloviyakogdavy_shegryppa2","vy_polnit__sczenarij_s_prodolzheniem_yslovie_ne_istinno","proverkaraboty_ysloviyakogdavy_shegryppa1","vy_polnit__vy_polnit__odin_shag__yslovie_ne_istinno","dlyaproverkaraboty_yslovij19","dlyaproverkaraboty_yslovij18","dlyaproverkaraboty_yslovij17","vy_polnit__odin_shag__yslovie_istinno","dlyaproverkaraboty_yslovij15","fichadlyaproverkiydaleniyaperemenny_x3","fichadlyaproverkiydaleniyaperemenny_x2","fichadlyaproverkiydaleniyaperemenny_x1","dlyaproverkaraboty_yslovij14","dlyaproverkaraboty_yslovij13","dlyaproverkaraboty_yslovij1","dlyaproverkaraboty_yslovij16","dlyaproverkaraboty_opredeleniyashagavysloviivgryppe","dlyaproverkaraboty_yslovij12","dlyaproverkaraboty_opredeleniyashagavysloviivstrscz1","dlyaproverkaraboty_yslovij2","dlyaproverkaraboty_yslovij6","dlyaproverkaraboty_yslovij5","dlyaproverkaraboty_yslovij7","dlyaproverkaraboty_yslovij4","dlyaproverkaraboty_yslovij3","dlyaproverkaraboty_yslovij8","dlyaproverkaraboty_yslovij10","proverkaraboty_ysloviyakogdaest_tablicza","dlyaproverkaraboty_yslovij6_podchinennaya_ficha","dlyaproverkaraboty_yslovij9","dlyaproverkaraboty_opredeleniyashagavysloviivstrscz2","dlyaproverkaraboty_yslovij11"],"ua13_ypravlyat__test_clients":["proverka_zakry_tiya_testclient_i_podklyuchenie_zanovo","proverka_zapyska_prilozheniya_v_rezhime_tonkogo_tolstogo_klienta","rabota_s_neskol_kimi_testclient","vy_chislenie_pid_seansa_testclient","zakry_tie_testclient","zapysk_tonkogo_testclient_iz_tolstogo_testmanager","kopirovanie_profilya_testclient","soxranenie_klientov_testirovaniya","proverka_shaga_ya_kopiryyu_tekyshhij_profil__testclient","podklyuchenie_klienta_testirovaniya_cherez_kontekstnoe_menyu","proverka_raboty__tabliczy__testclient","proverka_kopirovaniya_profilya_klienta_testirovaniya","proverka_podklyucheniya_yzhe_podklyuchennogo_testclient"],"ua26_makety__dlya_proverki_test_client":["fichadlyaproverkipodklyucheniyazapyshhennogotestclient4","sczenarij_podklyucheniya_klienta_cherez_e_ksport","zakry_t__podklyuchenny_j_testclient","fichadlyaproverkipodklyucheniyazapyshhennogotestclient3","fichadlyaproverkipodklyucheniyazapyshhennogotestclient2","dlyazapysktonkogotestclientiztolstogotestmanager","ypravlenie_seansami_testmanager_v_kotory_x_proisxodit_vy_polnenie_feature_fajlov","fichadlyaproverkipodklyucheniyazapyshhennogotestclient1","dlya_proverki_shaga_ya_kopiryyu_tekyshhij_profil_","fichadlyaproverkikopirovaniyaprofilyatestclient","proverka_podklyuchenie_testclient","fichadlyaproverkikopirovaniyaprofilya","fichadlyaproverkimetodashag"],"ua27_parsing":["fichadlyaproverkiparsingaskobok","fichadlyaproverkizagryzkafichispystojgryppoj2","fichadlyaproverkizagryzkafichispystojgryppoj1","fichadlyaproverkiteg_tree3"],"ua25_makety__dlya_otchetov_o_vy_polnenii":["kategorii_allure","testovaya_ficha__proveryayushhaya_generacziyu_otcheta_junit1","testovaya_ficha__proveryayushhaya_generacziyu_otcheta_stryktyry__sczenariya_v_allure_chast__2","testovaya_ficha__proveryayushhaya_generacziyu_otcheta_allure_chast__2","testovaya_ficha__proveryayushhaya_generacziyu_otcheta_allure_chast__3","testovaya_ficha__proveryayushhaya_generacziyu_otcheta_allure_chast__4","testovaya_ficha__proveryayushhaya_generacziyu_otcheta_allure_chast__1","testovaya_ficha__proveryayushhaya_generacziyu_otcheta_allure_chast__5","testovaya_ficha__proveryayushhaya_generacziyu_otcheta_stryktyry__sczenariya_v_allure_chast__1","testovaya_ficha__proveryayushhaya_generacziyu_otcheta_cucumber","fichadlyaproverkiotchetasppr1","testovaya_ficha__proveryayushhaya_generacziyu_otcheta_markdown","fichadlyaproverkiotchetajunit7","testovaya_ficha__proveryayushhaya_generacziyu_otcheta_html","fichadlyaproverkisnyatiyaskrinshotashagom","fichadlyaproverkiotchetajunit3","fichadlyaproverkiotchetajunit2","fichadlyaproverkiotchetajunit6","VanessaExt01","fichadlyaproverkiotchetajunit5","fichadlyaproverkiotchetajunit4"],"ua28_makety__dlya_sikulix":["fichadlyaproverkioshibkisikulixserver","fichadlyaproverkisikulixserver","slyzhebny_e_sczenarii_dlya_proverki_raboty__sikulix_servera"],"ua29_makety__dlya_proverki_obrabotki_oshibok":["fichadlyaproverkimetodadobavit_oshibkysczenariya1","fichadlyaproverkimetodadobavit_oshibkysczenariya2","fichadlyaproverkiformirovaniyafajlasoshibkoj","fichadlyaproverkishagaproveryayushhegoisklyuchenie2","fichadlyaproverkishagaproveryayushhegoisklyuchenie1","detalioshibki01"],"ua30_prochie_makety_":["vy_zovproczedyr02","test_1","test1_1","test1_2","test_2","test_3","test3_1","test3_2","test4_1","test4_2","prostayaficha01_3","prostayaficha01_4","prostayaficha01_2","primer_ficha_fajla_1","soobshheniyapol_zovatelyu01","prostayaficha01_1","polychit_sostoyanieformy_","dlyasvernyt_derevo","dlyaproverkitochkiostanova02","dlyaproverkitochkiostanova01","dlyaproverkikartinkaizteksta","fichadlyaproverkivy_vodateksta","dlyazapisiavtodokov01","dlyabezopasnoevy_polnenieshagov","fichadlyaproverkivstroennogootcheta","dlyasoby_tiyadereva","dlyaissledovatelyaformy_03","dlyaissledovatelyaformy_02","dlyaissledovatelyaformy_01","dlyazapisiavtodokov02","proverkaisklyuchenij_3","proverkaisklyuchenij_1","proverkaisklyuchenij_2","dlyaproverkiperexodakoshibke","dlyaproverkaperedachiparametrovstryktyry_sczenariyavpodsczenarij_1","fichadlyaproverkiperemenny_evtabliczax","dlyaproverkavy_polneniyasczenariyaperedachatabliczy_","fichadlyaproverkipolycheniyasostoyaniyaaktivnojformy_","fichadlyavy_vodinformacziivlog","fichadlyaproverkiasinxronny_xassertov1","dlyaproverkaperedachiparametrovvpodsczenarij","fichadlyaproverkiprikrepleniyaproizvol_nogofajla","fichadlyaproverkiraboty_sprofilyamipoiska","dlyaproverkapereborstroktabliczy_gherkin","dlyaproverkakeshasczenariev","fichadlyaproverkitabloperemenny_x","dlyaproverkae_kranirovaniyaperevodastrokivvidesimvolov2","dlyaproverkae_kranirovaniyaperevodastrokivvidesimvolov3","dlyaproverkaapostrofiparametrpodsczenariya","dlyaproverkae_kranirovaniyaperevodastrokivvidesimvolov1","fichadlyaproverkisoxraneniyadopparametrov","dlyaproverkaperedachiparametrovstryktyry_sczenariyavpodsczenarij_2","vy_zovproczedyr01","vy_voddanny_xvlog01","pokazat_skry_t_kolonki01"],"uf6_video_instrykczii":["ua31_opisanie_nastroek","ua40_proveryat__formirovanie_videoinstrykczij"],"ua31_opisanie_nastroek":["instrykcziya_po_zagryzki_fich_vo_frejmvork_vanessa_behavior","opisanie_zakladok__raspolozhenny_x_na_forme_vanessa_automation","opisanie_nastroek__ypravlyayushhix_sozdaniem_avtovideoinstrykczij_chast__odin","kak_yznat__opisanie_shaga","sozdat__novy_j_shag","issledovatel__formy_","opisanie_nastroek__ypravlyayushhix_sozdaniem_avtovideoinstrykczij_chast__dva","polychenie_sostoyanie_formy_","opisanie_nastroek__ypravlyayushhix_sozdaniem_avtovideoinstrykczij_chast__tri","opisanie_nastroek__ypravlyayushhix_sozdaniem_avtoinstrykczij"],"uf3_zapis__dejstvij_pol_zovatelya":["ua32_sozdanie_fiche_fajlov","ua33_preobrazovanie_xml_v_gherkin"],"ua32_sozdanie_fiche_fajlov":["proverka_dereva_izvestny_x_shagov","zapis__dejstvij_pol_zovatelya","proverka_soxraneniya_dopparametrov_pri_nachale_zapisi","proverka_raboty__generatora_dy_movy_x_sczenariev","vozmozhnost__formatirovaniya_koda_srazy_v_va","pokazat__slyzhebny_e_i_ystarevshie_shagi","polychit__sostoyanie_formy_","vy_gryzka_izvestny_x_shagov_v_json"],"ua33_preobrazovanie_xml_v_gherkin":["proverka_preobrazovaniya_xml_s_dejstviyami_pol_zovatelya","avtomatizirovannoe_polychenie_shagov_sczenariev_na_osnove_dejstvij_pol_zovatelya","proverka_perevoda_sgenerirovannogo_teksta_gherkin","proverka_sovpadeniya_imen_v_paneli_razdelov_i_v_paneli_fynkczij"],"uf7_sistemny_e_nastrojki_va":["ua34_ykazy_vat__nastrojki_vy_polneniya_sczenariev"],"ua34_ykazy_vat__nastrojki_vy_polneniya_sczenariev":["proverka_raboty__s_fajlami_nastrojki","ystanovka_sistemny_x_parametrov_vanessa_behavoir","zapolnenie_katalogov_v_polyax_osnovnoj_formy__i_pereklyuchenie_flagov","soxranenie_nastroek","skachivanie_programm__neobxodimy_x_dlya_raboty_","ystanovka_intervala_vy_polenie_shagov_vanessa_behavoir","zapolnenie_nastroek_zapisi_video","kontrol__versij_i_nastroek_storonnego_programmnogo_obespecheniya"],"uf10_zapysk_va":["ua35_zapyskat__interaktivno","ua36_zapysk_cli"],"ua35_zapyskat__interaktivno":["proverka_otkry_tiya_i_zakry_tiya_formy__vanessa_behavoir","otkry_tie_vanessa_automation_bez_zagryzki_soxranenny_x_nastroek","otkry_tie_va_dlya_zapisi_avtodokov_","shagi_pri_pervom_zapyske","zapysk_vanessa_behavior_interaktivno","proverka_poyavleniya_voprosa_pri_zakry_tii_formy_"],"ua6_rabotat__s_podklyucheniem_test_client":["vy_zov_proczedyr__ostavlenny_x_dlya_sovmestimosti__zavershit__seansy__","e_ksport_na_podklyuchenie_klienta","neskol_ko_klientov_testirovaniya_1","ya_xochy_rabotat__s_komandny_m_interfejsom_1s_8_3_x_zapysk_testclient","ya_xochy_rabotat__s_komandny_m_interfejsom_1s_8_3_x_export","proverka_zapyska_prostogo_sczenariya_testclient","neskol_ko_klientov_testirovaniya_2","neskol_ko_klientov_testirovaniya_3","podklyuchenie_klientov_testirovaniya_s_pomoshh_yu_shagov","proverka_shagov__kotory_e_perepodklyuchayut_klient_testirovaniya"],"ua37_rabotat__s_ui_komandny_j_interfejs":["proverka_sostoyaniya_komandnogo_interfejsa","ya_xochy_rabotat__s_komandny_m_interfejsom_1s_8_3_x"],"ua36_zapysk_cli":["proverka_zagryzki_parametrov_iz_komandnoj_stroki","dlya_proverki_zagryzki_parametrov_iz_komandnoj_stroki"],"uf1_zagryzka_i_obrabotka_features":["ua9_zagryzhat__features","ua16_parsit__features","ua38_manipylirovat__zagryzhenny_mi_fichami","ua10_generirovat__epf_fajly_"],"ua38_manipylirovat__zagryzhenny_mi_fichami":["perexod_k_opredeleniyu_shaga","pokazat__ili_skry_t__kolonki_v_dereve_shagov","fil_tr_dereva_shagov","kontekstnoe_menyu_dereva_testov","svernyt__derevo","soby_tiya_dereva_shagov","otkry_tie_visual_studio_code","dvojnoj_klik_po_shagy_v_dereve_shagov"],"ua39_ispol_zovat__e_ksportny_e_sczenarii":["podklyuchenie_e_ksportny_x_sczenariev_na_drygix_yazy_kax","sozdanie_fil_tra_formy__spiska_e_ksport","proverka_raboty__fichi__esli_vse_eyo_shagi_realizovany__v_drygix_fichax","podklyuchenie_stryktyry__sczenariya_kak_shaga","proverka_vy_zova_podsczenariya_na_drygom_yazy_ke"],"ua12_poshagovo_vy_polnyat__sczenarii":["proverka_vy_polneniya_sczenariya_s_vy_brannogo_shaga","clyzhebnaya_ficha_dlya_proverki_metoda_shag_1","clyzhebnaya_ficha_dlya_proverki_metoda_shag_2","proverka_metoda_shag__asinxronnoe_podklyuchenie_bibliotek_shagov_","proverka_raboty__metoda_shag_pri_perexode_k_stroke","proverka_raboty__metoda_shag","proverka_nazhatiya_f11_na_yslovie_kogda_net_shagov_nizhe"],"ua40_proveryat__formirovanie_videoinstrykczij":["proverka_vozmozhnosti_sgenerirovat__mp3__chtoby__tyt_zhe_ego_proslyshat_","proverka_raboty__nastroek_dlya_generaczii_golosa_yandex","testovaya_ficha_dlya_atovideo","vy_vesti_tekst_vo_vremya_zapisi_video","vozmozhnost__delat__podsvetky_do_platformy__8_3_12__video_","proverka__chto_video_bydet_sobirat_sya","testovaya_ficha__proveryayushhaya_generacziyu_video","proverka_formirovaniya_fajla_video"],"ua10_generirovat__epf_fajly_":["proverka_sozdaniya_epf_iz_fichi_na_anglijskom_yazy_ke","zagryzka_epf_s_ispol_zovaniem_kesh_izvestny_x_step_definitions","proverka_sozdaniya_epf_v_rezhime_oby_chny_x_form","generacziya_epf_v_slyzhebnom_seanse_interaktivno","otkry_tie_v_konfigyratore_epf","proverka_generaczii_prostogo_epf_fajla_","proverka_peregeneraczii_epf_v_rezhime_oby_chny_x_form_232","proverka_generaczii_epf_s_vy_vodom_teksta","proverka_peregeneraczii_epf_v_rezhime_oby_chny_x_form","proverka_peregeneraczii_epf__kogda_v_epf_est__shag_bez_fichi","proverka_peregeneraczii_epf"],"uf6_tekstovy_e_i_video_instrykczii":["ua41_formirovat__tekstovy_e_instrykczii","ua40_proveryat__formirovanie_videoinstrykczij","ua31_opisanie_nastroek_i_instrykczii","ua17_chto_novogo_v_versii"],"ua41_formirovat__tekstovy_e_instrykczii":["proverka_snyatie_skrinshotov_s_pomoshh_yu_komponenty__VanessaExt","zadat__razmer_okna_testirovaniya_s_pomoshh_yu_komponenty__VanessaExt","snyatie_skrinshov_pri_vy_polnenii_proizvol_nogo_shaga","proverka_snyatie_skrinshotov","vozmozhnost__delat__podsvetky_do_platformy__8_3_12__html_i_markdown_","slyzhebny_e_sczenarii_dlya_avtoinstrykczij"],"uf9_vspomogatel_ny_e_fichi":["ua50_makety__dlya_biblioteki_shagov","ua47_makety__zapyska_va","ua48_makety__formirovaniya_fich","ua46_makety__dlya_zagryzki_i_obrabotki_fich","ua49_makety__dlya_zapyska_sczenariev","ua27_makety__dlya_proverki_parsinga","ua26_makety__dlya_proverki_test_client","ua28_makety__dlya_sikulix","ua43_modyl_ny_e_testy_","ua30_prochie_makety_","ua29_makety__dlya_proverki_obrabotki_oshibok","ua24_makety__dlya_yslovij","ua25_makety__dlya_otchetov_o_vy_polnenii","ua42_testovy_e_fichi","ua51_makety__dlya_tyrbogerkin"],"ua42_testovy_e_fichi":["testovaya_ficha_dlya_proverki_perexoda_k_opredeleniyu_shaga_iz_dereva_sczenariya_1","testovaya_ficha_dlya_proverki_perexoda_k_opredeleniyu_shaga_iz_dereva_sczenariya_2","testovaya_ficha__dlya_proverki_peredachi_parametrov_vo_vlozhenny_e_sczenarii__vosproizvedenie_oshibki_kogda_poxozhi_parametry__v_odnoj_stroke","testovaya_ficha__dlya_proverki_peredachi_parametrov_vo_vlozhenny_e_sczenarii__vosproizvedenie_oshibki_kogda_poxozhi_parametry__v_odnoj_stroke_exp","ystanovka_plagina_unit_testov_","testovaya_ficha__proveryayushhaya_zagryzky_shaga_biblioteki","testovaya_ficha__dlya_proverki_raboty__tega_tree__kogda_est__vertikal_naya_cherta","testovaya_ficha__dlya_proverki_raboty__sekczii_kontekst_teg_tree","testovaya_ficha__dlya_proverki_raboty__tega_tree__kogda_est__kommentarij","testovaya_ficha__proveryayushhaya_generacziyu_snipeta_po_stryktyre_sczenariya","testovaya_ficha__proveryayushhaya_raboty_flaga_ostanovkaprivozniknoveniioshibki","testovaya_ficha__dlya_proverki_peredachi_parametrov_vo_vlozhenny_e_sczenarii_yroven__odin","testovaya_ficha__dlya_proverki_peredachi_parametrov_vo_vlozhenny_e_sczenarii_yroven__dva","testovaya_ficha__dlya_proverki_peredachi_parametrov_vo_vlozhenny_e_sczenarii__vosproizvedenie_oshibki","testovaya_ficha_dlya_proverki_raboty__kesh_step_definitions","testovaya_ficha__proveryayushhaya_message_i_trace","testovaya_ficha__proveryayushhaya_message_i_trace_dva_isklyucheniya","testovaya_ficha__dlya_proverki_peredachi_parametrov_vo_vlozhenny_e_sczenarii__kogda_idyot_peredacha_parametra_v_tabliczy","testovaya_ficha__proveryayushhaya_polychenie_sostoyaniya","testovaya_ficha__proveryayushhaya_prikreplenie_fajla_k_shagy","osnovnayatestovayaficha","testovaya_ficha__proveryayushhaya_raboty_snyatiya_skrinshotov","testovaya_ficha__proveryayushhaya_snyatie_skrinshota_y_tegirovannogo_shaga","testovaya_ficha__proveryayushhaya_zapolnenie_suite","testovaya_ficha__proveryayushhaya_severity","testovaya_ficha__proveryayushhaya_raboty_opoveshhenij","testovaya_ficha__proveryayushhaya_raboty_izmeneniya_statysa_shaga_na_failed"],"ua43_unit_testy_":["modyl_ny_etesty_va_test_znacheniezapolnenoyspex"],"ua43_modyl_ny_e_testy_":["modyl_ny_etesty_va_test_znacheniezapolnenoyspex","modyl_ny_etesty_va_test_znacheniezapolnenooshibka","modyl_ny_etesty_va_test_tipyspexoshibka","modyl_ny_etesty_va_test_strokayspex","modyl_ny_etesty_va_test_kollekcziiyspex","modyl_ny_etesty_va_test_tipyspex","modyl_ny_etesty_va_test_kollekcziioshibka","modyl_ny_etesty_va_test_datayspex","modyl_ny_etesty_va_test_dataoshibka","modyl_ny_etesty_va_test_chisloyspex","modyl_ny_etesty_va_test_chislooshibka","modyl_ny_etesty_va_test_bylevoyspex","modyl_ny_etesty_va_test_bylevooshibka","modyl_ny_etesty_va_test_vy_polnit_oshibka","modyl_ny_etesty_va_test_asinxronny_evy_zovy_klient","modyl_ny_etesty_va_test_vy_polnit_yspex","modyl_ny_etesty_va_test_vy_zvat_isklyuchenie","modyl_ny_etesty_va_test_strokaoshibka"],"ua2_rabotat__s_ui_vsply_vayushhie_okna":["ya_xochy_rabotat__s_komandny_m_interfejsom_1s_8_3_x_dopolnitel_no","ya_xochy_rabotat__s_komandny_m_interfejsom_1s_8_3_x"],"uf11_prochee":["ua44_prochaya_aktivnost__po_proverke","ua45_prochaya_aktivnost__voobshhe"],"ua44_prochaya_aktivnost_":["proverka_sravnenie_dlinny_x_chisel_v_tch","proverka_speczsimvolov_v_zagolovke_okna","proverka_soxraneniya_dopparametrov_pri_nachale_zapisi","proverka_soobshhenij_pol_zovatelyu_na_drygom_yazy_ke","proverka_soderzhimogo_tabliczy_","proverka_snyatie_skrinshotov","proverka_tekyshhego_sostoyaniya_e_lementa_formy_","proverka_shaga_zapolnyayushhego_tablichnyyu_chast_","proverka_regylyarny_x_vy_razhenij","proverka_redaktirovaniya_polya_tch","proverka_redaktirovaniya_nastroek_kompanovki_danny_x","proverka_raboty__fichi__esli_vse_eyo_shagi_realizovany__v_drygix_fichax","proverka_raboty__f11_dlya_ysloviya_test_oshibki","proverka_raboty__dekoraczii_formy_","proverka_prikrepleniya_proizvol_nogo_fajla_k_sczenariyu","proverka_znacheniya_kolonki","proverka_raboty__stryktyry__sczenariya","proverka_zagryzki_tabliczy_","proverka_vy_zova_podsczenariya_na_drygom_yazy_ke","proverka_togo_kak_otrabotala_proczedyra_peredokonchaniemsczenariya","proverka_vy_polneniya_sczenariya_peredacha_tabliczy_","proverka_vy_deleniya_strok_tabliczy_","proverka_vy_borka_tipa_e_lementa_iz_sostavnogo_spiska","proverka_vozmozhnosti_otladki_koda_obrabotok_v_ypravlyaemy_x_formax","proverka_vidimosti_polej_s_ychetom_roditelya","proverka_tol_ko_prosmotr_polej_s_ychetom_roditelya","proverka_raboty__stryktyry__sczenariya_teg_tree","proverka_raboty__so_znacheniyami_peremenny_x","proverka_polycheniya_tabilchnogo_dokyment","proverka_polycheniya_pystogo_maketa","proverka_perexoda_k_date_v_polya_kalendarya","proverka_perevoda_polycheniya_sostoyaniya_formy_","proverka_pometki_ydaleniya","proverka_peredachi_parametrov_v_podsczenarij","proverka_peredachi_parametrov_stryktyry__sczenariya_v_podsczenarij","proverka_ozhidaniya_znacheniya_tabliczy_","proverka_otkry_tiya_polya_tch","proverka_otkry_tiya_navigaczionny_x_ssy_lok","proverka_polycheniya_teksta_tabliczy___kogda_v_yachejke_est__vertikal_naya_cherta","proverka_poyavleniya_okna","proverka_raboty__sczenariya_na_drygom_yazy_ke__kogda_izmenen_poryadok_parametrov","proverka_raboty__s_otriczatel_ny_mi_chislami","proverka_raboty__perexoda_k_stroke_tabliczy_","proverka_raboty__oblastej_v_dereve_piton_stajl","proverka_raboty__oblastej_v_dereve","proverka_raboty__metoda_shag_pri_perexode_k_stroke","proverka_raboty__metoda_shag","proverka_raboty__izmeneniya_flagov_i_rekvizitov","proverka_zagryzki_tabliczy__","demonstracziya___redaktirovanie_peremenny_x_","proverka_dostypnosti_roli","proverit__redaktor_tablicz__slyzhebnaya_ficha_","proverka__chto_pri_otkry_tii_formy__korrektno_vy_stavleny__nastrojki_vidimosti_kolonok","prostaya_ficha_dlya_proverki_vy_polneniya_prostogo_sczenariya","_opisanie_fichi_","proverka_chteniya_tega_tree__kogda_yazy_k_fichi_na_drygom_yazy_ke","proverka_asinxronny_x_assertov","proverka_chto_v_tablicze_na_forme_testclient_mozhno_aktivizirovat__kolonky","proverka_slozheniya_chisel","proverka_opredeleniya_okna_s_zagolovkom__najti_","proverka_dereva_izvestny_x_shagov","proverka_e_kranirovaniya_perevoda_stroki_v_vide_simvolov__n","proverka_ispravleniya_oshibki_kompilyaczii_stryktyry__sczenariya","proverka_negativnogo_povedeniya_shaga","proverka_nazhatiya_na_knopky_vy_bora_pri_redaktirovanii_drygogo_polya","proverka_nazhatiya_na_knopky_dialoga__kotory_j_by_l_vy_zvan_cherez_pokazat_vopros","dlya_proverki_ozhidanie_soby_tiya_v_czikle_i_vy_xod_iz_nego_po_soby_tiyu","proverka_nazhatiya_f11_na_yslovie_kogda_net_shagov_nizhe","proverka_mnogostrochnogo_polya_v_tch","proverka_metoda_dobavit_oshibkysczenariya","proverka_knopki_otkry_tiya_e_lementa_formy_","proverka_kesha_sczenariev","proverka_isklyuchenij_server","proverka_formirovaniya_fajla_json_s_oshibkoj","proverka_generaczii_snipeta","proverka_formirovaniya_fajla_sostoyaniya_aktivnoj_formy_","proverka_chto_v_loge_soobshhenij_net_stroki","proverka_dostypnosti_polej_s_ychetom_roditelya","proverka_chto_v_dereve_fich_net_vetok_v_kotory_x_net_fich","proverka_obrabotki_vremenny_x_fich","fichaproverkasnyatiyaskrinshotamodal_ny_jdialog","proverka_obrabotki_modal_nogo_dialoga_pri_vozniknovenii_oshibki","proverka_syshhestvovaniya_e_lementov","proverkaisklyuchenij_1","proverkaisklyuchenij_2","proverkaisklyuchenij_3","proverka_znacheniya_tabliczy_"],"ua44_prochaya_aktivnost__po_proverke":["proverka_soobshhenij_pol_zovatelyu_v_razny_x_shagax","proverka_pokaza_shagov_na_rysskom","proverka_isklyuchenij_v_shagax","proverka_perevoda_v_osnovnoj_forme_","proverka_regylyarny_x_vy_razhenij","proverka_raboty__sczenariya_na_drygom_yazy_ke__kogda_izmenen_poryadok_parametrov","proverka_soobshhenij_pol_zovatelyu_na_drygom_yazy_ke","proverka_raboty__s_otriczatel_ny_mi_chislami","proverka_raboty__oblastej_v_dereve_piton_stajl","proverka_soderzhimogo_tabliczy_","proverka_zagryzki_tabliczy_","proverka_vy_polneniya_sczenariya_peredacha_tabliczy_","proverka_speczsimvolov_v_zagolovke_okna","proverka_togo_kak_otrabotala_proczedyra_peredokonchaniemsczenariya","proverka_shaga_tabliczastalaravnoj","proverka_sravnenie_dlinny_x_chisel_v_tch","proverka_prikrepleniya_proizvol_nogo_fajla_k_sczenariyu","proverka_asinxronny_x_assertov","proverka_formirovaniya_fajla_json_s_oshibkoj","proverka_polycheniya_teksta_tabliczy___kogda_v_yachejke_est__vertikal_naya_cherta","proverka__chto_pri_otkry_tii_formy__korrektno_vy_stavleny__nastrojki_vidimosti_kolonok","proverka_isklyuchenij_server","proverka_polycheniya_tabilchnogo_dokyment","proverka_perevoda_polycheniya_sostoyaniya_formy_","proverka_otkry_tiya_navigaczionny_x_ssy_lok","proverka_obrabotki_vremenny_x_fich","proverka_kesha_sczenariev","proverka_metoda_dobavit_oshibkysczenariya","proverka_negativnogo_povedeniya_shaga","proverkaisklyuchenijvshagax01","proverkapodsvetki01","proverka_slozheniya_chisel","dlya_proverki_dobavlenie_krasnoj_podsvetki","ficha_dlya_proverki_polycheniya_tabliczy__s_vertikal_noj_chertoj","proverka_raboty__f11_dlya_ysloviya_test_oshibki","slyzhebnaya_ficha_dlya_proverki_raboty__oblastej","slyzhebnaya_ficha_dlya_proverki_raboty__oblastej_piton_stajl","proverka_zagryzki_tabliczy__","proverka_vozmozhnosti_otladki_koda_obrabotok_v_ypravlyaemy_x_formax","proverka_raboty__oblastej_v_dereve","proverka_e_kranirovaniya_perevoda_stroki_v_vide_simvolov__n","proverka_dostypnosti_roli","proverka_chto_v_loge_soobshhenij_net_stroki","proverit__redaktor_tablicz__slyzhebnaya_ficha_","prostaya_ficha_dlya_proverki_vy_polneniya_prostogo_sczenariya","fichaproverkasnyatiyaskrinshotamodal_ny_jdialog","dlya_proverki_ozhidanie_soby_tiya_v_czikle_i_vy_xod_iz_nego_po_soby_tiyu"],"ua45_prochaya_aktivnost__voobshhe":["obrabotka_opoveshhenij_1","obrabotka_opoveshhenij_2","peredacha_parametrov_razny_x_tipov_v_proczedyry__1","vy_vod_proizvol_noj_informaczii_v_log","sdelat__payzy_v_ykazannoe_chislo_sekynd","polychenie_tabliczy__perevoda","redaktirovanie_tabliczy__gherkin","poisk_kartinki_s_tekstom","rabota_s_plaginami","vy_zov_nekotory_x_proczedyr_napryamyyu","vy_zov_proczedyr__ostavlenny_x_dlya_sovmestimosti","vy_zov_nekotory_x_proczedyr_napryamyyu_v_testmanager","stryktyra_sczenariya_chislo","kommentarij_stroki_dvojnoj_slesh","peredacha_parametrov_razny_x_tipov_v_proczedyry__3","peredacha_parametrov_razny_x_tipov_v_proczedyry__2","peredacha_parametrov_slozhny_x_tipov","perebor_strok_tabliczy__gherkin","avtomatizirovannoe_polychenie_izmeneniya_sostoyaniya_formy_","pomeshhenie_fajla_pered_nachalom_sczenariya","zakypka_tovarov_i_yslyg_1","zakypka_tovarov_i_yslyg_2","issledovanie_raboty__obrabotki_vanessa_behavior","vy_polnit__sczenarij_s_prodolzheniem_s_gryppy_","zapis_vzhr01","zakry_tie_okon_obnovleniya_konfigyraczii","ytz__sdelat__mexanizm_xraneniya_i_ispol_zovaniya_nastraivaemy_x_by_stry_x_otborov","primer_ficha_fajla_2","slyzhebny_j_sczenarij","sdelat__payzy_v_ykazannoe_chislo_sekynd_of","raspredelenie_postypayushhej_oplaty__po_dokymentam_realizaczii_i_zachyot_avansa_kontragenta","rabota_s_tabliczej_gherkin_v_redaktore","planirovanie_resyrsov","testirovanie_otkry_tiya_form_dlya_podsistemy_","stryktyra_sczenariya_s_prodolzheniem","stryktyra_sczenariya_i_oby_chny_j_sczenarij","neobxodimost__proizvol_nogo_vy_polneniya_testov_po_shagam","algoritmy_","odin_sczenarij_stryktyra_sczenariya","ficha_s_odnim_tegom_fil_trom","dobavlenie_podsvetki_aktivny_x_e_lementov","obnovlenie_nymeraczii_ob__ektov","issledovanie_yazy_ka_gherkin","ispol_zovanie_te_ga_tree_i_fichi_iz_vozdyxa","interaktivnoe_nazhatie_knopki_v_oby_chnoj_forme","avtomatizirovanny_e_skripty__razverty_vaniya_i_proverki","zapysk_slyzhebnogo_seansa_tesnmanager"],"ua8_prochee":["ya_xochy_proverit__sozdanie_i_izmenenie_ob__ektov_ib","vy_zov_nekotory_x_proczedyr_napryamyyu_en"],"uf0unmapped":["ua0unmapped"],"ua27_makety__dlya_proverki_parsinga":["proverka_parsinga_znaka_minys","podderzhka_myl_tiyazy_chnosti_pri_sbore_trebovanij","ficha_dlya_proverki_kommenatriya","proverka_raboty__sczenariya_teg_tree","podklyuchenie_sczenariya_kak_shaga_4","podklyuchenie_sczenariya_kak_shaga_5","proverka_raboty__sczenariya_teg_tree_chast__dva","proverka_raboty__sczenariya_teg_tree_chast__tri","fichadlyaproverkiteg_tree3","fichadlyaproverkizagryzkafichispystojgryppoj2","fichadlyaproverkizagryzkafichispystojgryppoj1","dlya_proverki_tegov_fil_trov","fichadlyaproverkiparsingaskobok","proverka_raboty__tega_tree_1","zagryzkafichpriotkry_tii01","proverka_raboty__tega_tree_2","proverka_raboty__tega_tree_3"],"ua46_makety__dlya_zagryzki_fich":["razvernyt__vse_vetki_dereva_vb","zagryzka_odnogo_feature_fajla_interaktivno","zagryzka_feature_fajla_v_vanessa_behavior","zagryzit__fichy_v_vanessa_behavior_2","zagryzit__fichy_v_vanessa_behavior_3","demonstracziya___svernyt__do_shagov_","zagryzit__fichy_v_vanessa_behavior_4","zagryzit__fichy_v_vanessa_behavior_5","zagryzit__fichy_v_vanessa_behavior_6","zagryzit__fichy_v_vanessa_behavior_7","zagryzit__fichy_v_vanessa_behavior_8","zagryzka_fichi","zagryzit__fichy_v_vanessa_behavior_9","zagryzit__fichy_v_vanessa_behavior_10","zagryzit__fichy_v_vanessa_behavior_11","zagryzit__fichy_v_vanessa_behavior_12","zagryzit__fichy_v_vanessa_behavior_13","zagryzit__fichy_v_vanessa_behavior_14","zagryzit__fichy_v_vanessa_behavior_15","zagryzit__fichy_v_vanessa_behavior_16","zagryzit__fichy_v_vanessa_behavior_17"],"ua47_makety__zapyska_va":["otkry_tie_formy__vanessa_automation","otkry_tie_obrabotki_vanessa_behavior"],"ua48_makety__formirovaniya_fich":["sozdanie_novogo_feature_fajla","sozdanie_novogo_feature_fajla_eng"],"ua31_opisanie_nastroek_i_instrykczii":["kak_dobavit__proizvol_nyyu_informacziyu_v_log","chtenie_i_izmenenie_peremenny_x","instrykcziya_po_rabote_s_peremenny_mi_kontekst_i_kontekstsoxranyaemy_j","instrykcziya_po_proverke__poyavilos__li_oshibka_v_testclient","instrykcziya_po_generaczii_epf_fajla","soxranenie_i_chtenie_nastroek_iz_json_fajla","nastrojka_zapyska_testov_","instrykcziya_po_ispol_zovaniyu_flaga__ostanovkaprivozniknoveniioshibki_","otkry_t__fichy_v_redaktore","opisanie_nastroek__ypravlyayushhix_rabotoj_s_klientami_testirovaniya","otkry_tie_ficha_fajla_srazy_na_nyzhnoj_stroke_tekstovogo_redaktora","instrykcziya_po_zagryzki_fich_vo_frejmvork_vanessa_behavior","opisanie_zakladok__raspolozhenny_x_na_forme_vanessa_automation","redaktirovanie_teksta_sczenariya","opisanie_nastroek__ypravlyayushhix_sozdaniem_avtovideoinstrykczij_chast__odin","kak_yznat__opisanie_shaga","instrykcziya_po_peredache_parametrov_v_podchinyonny_j_sczenarij","sozdat__novy_j_shag","kak_ponyat__gde_razoshlis__danny_e_pri_sravnenii_otcheta_ili_tabliczy__s_e_talonom","instrykcziya_po_asinxronnomy_vy_polneniyu_shagov","issledovatel__formy_","opisanie_nastroek__ypravlyayushhix_sozdaniem_avtovideoinstrykczij_chast__dva","polychenie_sostoyanie_formy_","opisanie_nastroek__ypravlyayushhix_sozdaniem_avtovideoinstrykczij_chast__tri","opisanie_nastroek__ypravlyayushhix_sozdaniem_avtoinstrykczij"],"ua46_makety__dlya_zagryzki_i_obrabotki_fich":["sozdanie_epf_fajlov","razvernyt__vse_vetki_dereva_vb","zagryzka_odnogo_feature_fajla_interaktivno","zagryzka_feature_fajla_v_vanessa_behavior","zagryzit__fichy_v_vanessa_behavior_3","demonstracziya___svernyt__do_shagov_","zagryzit__fichy_v_vanessa_behavior_4","zagryzit__fichy_v_vanessa_behavior_5","zagryzit__fichy_v_vanessa_behavior_6","dlya_proverki_zagryzki_fichi_iz_vneshnej_komandy__1","zagryzit__fichy_v_vanessa_behavior_7","zagryzit__fichy_v_vanessa_behavior_8","zagryzka_fichi","zagryzit__fichy_v_vanessa_behavior_9","dlya_proverki_zagryzki_fichi_iz_vneshnej_komandy__2","zagryzit__fichy_v_vanessa_behavior_10","zagryzit__fichy_v_vanessa_behavior_11","dlya_proverki_zagryzki_fichi_iz_vneshnej_komandy__4","zagryzit__fichy_v_vanessa_behavior_12","zagryzit__fichy_v_vanessa_behavior_13","ficha_dlya_proverki_peregeneraczii_epf_proverka","dlya_proverki_zagryzki_fichi_iz_vneshnej_komandy__3","nedavnozagryzhenny_efichi09","nedavnozagryzhenny_efichi02","nedavnozagryzhenny_efichi01","nedavnozagryzhenny_efichi03","nedavnozagryzhenny_efichi04","nedavnozagryzhenny_efichi05","nedavnozagryzhenny_efichi06","nedavnozagryzhenny_efichi07","nedavnozagryzhenny_efichi08","zagryzit__fichy_v_vanessa_behavior_14","zagryzit__fichy_v_vanessa_behavior_15","zagryzit__fichy_v_vanessa_behavior_16","zagryzit__fichy_v_vanessa_behavior_17"],"ua49_makety__dlya_zapyska_sczenariev":["proverka_vy_polnit__sczenarij_s_proizvol_nogo_shaga_s_prodolzheniem_e_ksportny_j_sczenarij_","proverka_vy_polnit__sczenarij_s_vy_brannogo_shaga_","vy_polnit__odin_sczenarij_do_brejkpointa","vklyuchenie_vy_klyuchenie_zamerov","proverka_vy_polnit__sczenarij_s_vy_brannogo_shaga_vtoroj_shag_ne_realizovan","proverka_vy_polneniya_prostogo_sczenariya","proverka_podklyuchenie_testclient_chast__dva","ostanovka_i_prodolzhenie_vy_polneniya_sczenariya_pri_pomeshhenii_fajla_template","proverka_vy_polnit__sczenarij_s_proizvol_nogo_shaga_s_prodolzheniem","test_vosproizvedeniya_neotrabotki_zapyska_odnogo_sczenariya_1","proverka_perezagryzka_i_vy_polnenie_odnogo_sczenariya","test_vosproizvedeniya_neotrabotki_zapyska_odnogo_sczenariya_2","clyzhebnaya_ficha_dlya_proverki_metoda_shag_3","ostanovit__vy_polnenie_shagov","proverka_vy_polnit__sczenarij_s_proizvol_nogo_shaga"],"ua50_makety__dlya_biblioteki_shagov":["rabota_s_peremenny_mi_konteksta","chteniemaketov01"],"ua51_makety__dlya_tyrbogerkin":["dlya_proverki_padeniya_czikla_v_techenie_sekynd","vy_polnit__odin_shag_czikl_yslovie_ne_istinno","clyzhebnaya_ficha_dlya_proverki_metoda_shag_pri_rabote_s_e_ksportny_mi_sczenariyami_4","vy_zov_e_ksportnogo_sczenariya_dlya_stryktyry__sczenariya","vy_polnit__odin_shag_czikl_yslovie_istinno","proverka_raboty__f11_dlya_ysloviya_vnytri_czikla","dlyaproverkaperexodaizcziklakshagam","proverka_vy_polneniya_sczenariya_s_shaga_vnytri_czikla","proverka_opredeleniya_shaga_prosle_czikla"],"ua52_rabotat__s_ui_prochee":["proverka_chto_v_tablicze_na_forme_testclient_mozhno_aktivizirovat__kolonky","proverka_opredeleniya_okna_s_zagolovkom__najti_","proverka_otkry_tiya_polya_tch","proverka_ozhidaniya_znacheniya_tabliczy_","proverka_mnogostrochnogo_polya_v_tch","proverka_knopki_otkry_tiya_e_lementa_formy_","proverka_nazhatiya_na_knopky_dialoga__kotory_j_by_l_vy_zvan_cherez_pokazat_vopros","proverka_nazhatiya_na_knopky_vy_bora_pri_redaktirovanii_drygogo_polya","proverka_raboty__perexoda_k_stroke_tabliczy_","proverka_redaktirovaniya_nastroek_kompanovki_danny_x","proverka_redaktirovaniya_polya_tch","proverka_shaga_zapolnyayushhego_tablichnyyu_chast_","proverka_raboty__izmeneniya_flagov_i_rekvizitov","zakry_tie_otkry_togo_okna","proverka_obrabotki_modal_nogo_dialoga_pri_vozniknovenii_oshibki","ya_xochy_rabotat__s_tabliczami","proverka_raboty__dekoraczii_formy_","proverka_znacheniya_kolonki","proverka_vy_deleniya_strok_tabliczy_","ya_xochy_rabotat__s_flagami","proverka_vy_borka_tipa_e_lementa_iz_sostavnogo_spiska","proverka_tol_ko_prosmotr_polej_s_ychetom_roditelya","proverka_vidimosti_polej_s_ychetom_roditelya","proverka_tekyshhego_sostoyaniya_e_lementa_formy_","razvorachivanie_tabliczy_","proverka_perexoda_k_date_v_polya_kalendarya","proverka_pometki_ydaleniya","otkry_tie_formy__spiskov_i_e_lementov_cherez_vy_polnit_komandy","sozdanie_fil_tra_formy__spiska","proverka_dostypnosti_polej_s_ychetom_roditelya","perexod_k_stroke_tabliczy__znachenij","peredacha_v_tekstovoe_pole_slozhnogo_teksta","nazhatie_komandy__interfejsa_v_otkry_tom_okne","proverka_znacheniya_tabliczy_"],"ua53_rabota_s_danny_mi":["proverka_syshhestvovaniya_e_lementov"],"ua39_ispol_zovat__e_ksportny_e_i_parametrizovanny_e_sczenarii":["podklyuchenie_e_ksportny_x_sczenariev_na_drygix_yazy_kax","sozdanie_fil_tra_formy__spiska_e_ksport","proverka_raboty__fichi__esli_vse_eyo_shagi_realizovany__v_drygix_fichax","podklyuchenie_stryktyry__sczenariya_kak_shaga","proverka_vy_zova_podsczenariya_na_drygom_yazy_ke","peredacha_vo_vlozhenny_j_sczenarij_tablicz","peredacha_v_shag_neskol_kix_parametrov_v_vide_tabliczy_","peredacha_parametra_v_sczenarij","peredacha_v_shag_parametrov_v_vide_tabliczy__2","proverka_peredachi_parametrov_v_podsczenarij","proverka_peredachi_parametrov_stryktyry__sczenariya_v_podsczenarij","peredacha_parametra_v_sczenarij_registr_bykv","peredacha_parametra_v_tabliczy_pri_rabote_so_stryktyroj_sczenariya","peredacha_v_shag_parametrov_v_vide_tabliczy__1"]}}